,G_MO,G_NOD,G_R,G_Rnd,R_D,Y
1947-06-30,0.004897456671733779,0.0005850204215381648,0.16282789818325807,0.16714033443345364,0.0043124362501956144,1.027830736034995
1947-09-30,0.004836585413708152,0.0006329759434047582,0.15487217169112957,0.15907578116143298,0.004300990384673358,1.0127006463761319
1947-12-31,0.0047550841701724435,0.0007038775909794735,0.14983989739528591,0.15389110397447886,0.004317115891340771,1.0157149159386851
1948-03-31,0.0047820815932500165,0.0008123407834687527,0.15184258597413333,0.15581232678391457,0.004379742997664078,1.0182691720780817
1948-06-30,0.004876442955744122,0.000885261951965856,0.15598615682435663,0.1599773378281349,0.004302523130952698,1.0224287900910063
1948-09-30,0.0048029111488137165,0.0009169194011371642,0.15769558271938372,0.16158157446706026,0.004206185824264134,1.0158739250789353
1948-12-31,0.004788397336736481,0.0009748832901140141,0.16224280107937897,0.16605631512600144,0.003974799885060448,1.0048681195445062
1949-03-31,0.004785385911178988,0.001011197618136036,0.1682041784449453,0.17197836673798828,0.003613963318338297,0.979273682064882
1949-06-30,0.004791281415866849,0.0010663089204451443,0.17428108432062256,0.17800605681604426,0.0034264059976970643,0.9644799729057013
1949-09-30,0.004714831192843406,0.0012139984508518947,0.17299477924639503,0.17649561198838654,0.003359670131427337,0.9630430908561707
1949-12-31,0.004590195005527395,0.0013812440898091556,0.1694953921721871,0.17270434308790533,0.0034042783627619587,0.9439443037696523
1950-03-31,0.004461905919874189,0.001602418225094136,0.1646070307777735,0.16746651847255356,0.003698685170422025,0.9698360028377931
1950-06-30,0.004368933855637723,0.0017421293879178459,0.164546162246717,0.1671729667144369,0.003960622280344478,0.98805616806982
1950-09-30,0.0042674299947228446,0.0017780958311345188,0.15953470929345823,0.16202404345704655,0.004106084261897676,1.0146769715770285
1950-12-31,0.004282966097963289,0.00176432633289234,0.16739685331987414,0.16991549308494508,0.004119957686772149,1.022622080755869
1951-03-31,0.004247108545285268,0.0016597895464333231,0.1850207681714396,0.18760808717029157,0.0039542045076793875,1.025164131620582
1951-06-30,0.004377314321669847,0.0016070140249418072,0.2049572495504606,0.2077275498471886,0.003993549778400163,1.0316370444817655
1951-09-30,0.004565196860265247,0.0015533526979084346,0.2267954227217227,0.22980726688407954,0.0041057127606930945,1.0416504537300673
1951-12-31,0.004698428141228191,0.001484935313770885,0.23693419047499745,0.2401476833024547,0.004330094577070179,1.0330103323989968
1952-03-31,0.004870523787135592,0.00143588555045271,0.23922427624762332,0.2426589144843062,0.00479011419631024,1.0333206775277881
1952-06-30,0.005042757791396453,0.0013742650737814657,0.24762609782965994,0.25129459054727493,0.005105224385659247,1.025105205758931
1952-09-30,0.0051934014334332115,0.0013011305518451516,0.24761237251919815,0.25150464340078615,0.005415816912381101,1.0222799253077224
1952-12-31,0.005359998289938789,0.0012411471450063179,0.2511565592149289,0.2552754103598614,0.005865244030383838,1.0456719614693495
1953-03-31,0.005656110764190956,0.0010877136084982608,0.2547534042463776,0.2593218014020703,0.006156459024100155,1.055027814562888
1953-06-30,0.00585051164343422,0.00101093399721106,0.2574359555823451,0.2622755332285683,0.006409751726997785,1.0532776129612649
1953-09-30,0.006049255725510575,0.0009445329115270899,0.2503065279193503,0.2554112507333338,0.006526828545945622,1.0378479874577622
1953-12-31,0.006236350675677808,0.0009134048969427093,0.24769808485454142,0.2530210306332765,0.006577565148673648,1.0130657703246482
1954-03-31,0.006411342229544627,0.0009025675954213307,0.23954092110781236,0.24504969574193564,0.0065669573322034765,0.9994250289012436
1954-06-30,0.00656663921261735,0.0008837730395697841,0.23116317021630825,0.23684603638935584,0.006535809920539334,0.9919864238712925
1954-09-30,0.006696079267272359,0.0008853478666454335,0.22519382690800915,0.2310045583086361,0.006441668960765051,0.9947341220313157
1954-12-31,0.00680367746115911,0.000915879658232957,0.22306198753205525,0.2289497853349814,0.006396060690187299,1.0057918662200354
1955-03-31,0.0068853857102278895,0.0009538196654861146,0.22130851754118844,0.22724008358593023,0.006182440488007654,1.0260342465660048
1955-06-30,0.007135695855597528,0.0010404178276387042,0.21992322594839356,0.22601850397635237,0.00631857525040015,1.0343618106608448
1955-09-30,0.007493787044726172,0.001102311900772624,0.21997649267194738,0.2263679678159009,0.006572776443422728,1.039995018119077
1955-12-31,0.007998170272863309,0.0011683787928292006,0.2136399620717345,0.22046975355176862,0.007034020293414822,1.0379858197465466
1956-03-31,0.00861271392410388,0.0012317207345413999,0.21264911984442397,0.22003011303398642,0.007684257764354869,1.0258414131281106
1956-06-30,0.009177025583452004,0.0013438773672858502,0.21690502870376194,0.2247381769199281,0.008159912918485659,1.0263403160670583
1956-09-30,0.009615719984371295,0.0014613007856174014,0.21201264407379627,0.22016706327255017,0.008291979920856766,1.0174780289560197
1956-12-31,0.010064889810736185,0.0015066132666203857,0.21580452070056994,0.22436279724468577,0.008402266294613688,1.0262421073784358
1957-03-31,0.010288367432536829,0.0015794694701350006,0.21952444047210581,0.2282333384345076,0.008095871828274846,1.02486407211402
1957-06-30,0.010439041327841913,0.0017627705701874728,0.21709164487920996,0.22576791563686438,0.007919569244598355,1.0147216809667583
1957-09-30,0.010499837339643618,0.0019167715983517432,0.21723340770567603,0.22581647344696792,0.007902442198071843,1.0166734664753068
1957-12-31,0.010528120754104397,0.0020938514918306668,0.22085087813532014,0.2292851473975939,0.00793182899465573,0.9982878462014837
1958-03-31,0.010357017680602845,0.0022529608181709776,0.21626567018602233,0.22436972704845423,0.00792043642944907,0.9646055869300907
1958-06-30,0.010333944284955604,0.002318199191885775,0.2215349509428871,0.22955069603595693,0.007970850390410069,0.9631505441794581
1958-09-30,0.010420214254365978,0.002309344780697325,0.22110366975678145,0.22921453923045013,0.008147078712390388,0.9773295972114714
1958-12-31,0.010625711684202585,0.0022156753063471758,0.22363231765855368,0.23204235403640908,0.008280987188865656,0.9918025785504152
1959-03-31,0.010880230699213815,0.0021367673286542656,0.21928378316258457,0.22802724653314413,0.00834085555587745,1.002257785691297
1959-06-30,0.011064184161558997,0.0020915428949117147,0.21934570157111768,0.22831834283776495,0.00848863180490656,1.0159397478199745
1959-09-30,0.011085018158101617,0.0021878325312042666,0.21823821413896877,0.22713539976586614,0.008444265909911207,1.0076197063055272
1959-12-31,0.010987276153477965,0.002356581299125274,0.21369873246923146,0.22232942732358416,0.00855681489401034,1.001357616332492
1960-03-31,0.010887593023690125,0.002669554058693252,0.2077447716249335,0.21596281058993036,0.008853647074209553,1.0144454977883586
1960-06-30,0.01080943219900762,0.003103186277227068,0.20785437226417114,0.21556061818595168,0.00897707458769259,0.999447637429775
1960-09-30,0.010843822110045172,0.0032597098071218506,0.21233873654658225,0.21992284884950555,0.008969671281342005,0.9946927906067731
1960-12-31,0.010921504412787612,0.0033333266599345187,0.21285414549523543,0.2204423232480885,0.008911069272859503,0.9722748713372824
1961-03-31,0.011151098725911362,0.0033638199600485165,0.21325409562789607,0.22104137439375895,0.008877142209578354,0.9689970544322001
1961-06-30,0.011397844912235553,0.0034411238490421573,0.21201887666225966,0.21997559772545308,0.008952189033809163,0.9753567085286352
1961-09-30,0.011465072946437522,0.0036114286608790506,0.21374840123614516,0.22160204552170362,0.009026838720978394,0.9837226676339949
1961-12-31,0.011369491864708887,0.0038285721252176654,0.21683391700607763,0.22437483674556882,0.009123624109112454,0.9923727315923566
1962-03-31,0.011175609460733137,0.00409749919421221,0.21944664916851706,0.22652475943503797,0.009147044588721674,0.9991657589702699
1962-06-30,0.011054829151907615,0.00447773728869335,0.2188543926302384,0.22543148449345263,0.009246128889523695,0.997136952916792
1962-09-30,0.010968179683774016,0.0049497762470109875,0.22185487178655872,0.22787327522332168,0.009243952991106611,0.9981944961550864
1962-12-31,0.010899854477369717,0.005517849180531969,0.22126704589060522,0.226649051187443,0.00924870441484828,0.9901725370035503
1963-03-31,0.010843917181036814,0.006157409227282794,0.21794809000148446,0.2226345979552385,0.009269543415322573,0.9896300178757367
1963-06-30,0.010820074844865583,0.006710708440369596,0.21559093379917715,0.21970030020367315,0.009327759063416353,0.9892514189465433
1963-09-30,0.010786387314751372,0.007182654692629148,0.2216993359369348,0.225303068559057,0.009373736532155268,0.9993131953231215
1963-12-31,0.010587295149148404,0.007534554100973505,0.21895967602758457,0.22201241707575947,0.009339137579152591,0.994174987829381
1964-03-31,0.010442760663891205,0.007830572683709583,0.2180547881483949,0.22066697612857653,0.009368827876167453,1.0032689089800537
1964-06-30,0.010261672065911552,0.008105362161445395,0.21764846943942456,0.21980477934389067,0.009458225087809092,1.0023503206189488
1964-09-30,0.009990728871288159,0.008339176485114796,0.2168549343961311,0.21850648678230447,0.009538587328946684,1.0060963462640302
1964-12-31,0.009674994188146083,0.008565030336874446,0.21367948429609213,0.21478944814736373,0.00961205809348635,0.9974212407279477
1965-03-31,0.009379777722240643,0.008749582698310856,0.21150498485047034,0.21213517987440014,0.009746922591092595,1.0097046567557153
1965-06-30,0.009145624966048843,0.00900722265118733,0.21203234636783944,0.21217074868270094,0.009847324702396722,1.0106012469104377
1965-09-30,0.008983961742260436,0.009316499161118378,0.2182876468895801,0.2179551094707221,0.009946139683710054,1.0212210504544623
1965-12-31,0.008858658007091838,0.009645499534005736,0.2221341949424831,0.22134735341556921,0.01007772710746354,1.032872687821735
1966-03-31,0.008792696406161904,0.010028511989563846,0.2239508188712983,0.22271500328789637,0.010144205363329134,1.0461494440880437
1966-06-30,0.008794531025925782,0.010151106779485008,0.22545850587123717,0.22410193011767793,0.010264584599174372,1.0380396451291438
1966-09-30,0.008857513808835715,0.010060074154815694,0.23047473252671305,0.22927217218073304,0.010374609371358774,1.0353615093049757
1966-12-31,0.009021657543316628,0.00976520074743613,0.23092097366472028,0.2301774304606008,0.010467849075329059,1.0326600651319824
1967-03-31,0.009274893904323199,0.009343271215887456,0.2380897988667442,0.23802142155518,0.010600925339301475,1.0307513411285563
1967-06-30,0.009396534637007063,0.009074340255901907,0.23562868553994362,0.2359508799210488,0.010663672240308682,1.0206625084096939
1967-09-30,0.009297101767896037,0.008962368387814588,0.23630644403489406,0.2366411774149755,0.010726790465215751,1.019797065662017
1967-12-31,0.009088617588896265,0.009023995625338852,0.2370437480013083,0.23710836996486573,0.010726091986895732,1.0171485524300579
1968-03-31,0.008765022123383908,0.009208019631424971,0.23957237429119707,0.23912937678315602,0.010795804067133376,1.027694323584028
1968-06-30,0.008540979947316946,0.00930293458991991,0.23913525611053058,0.23837330146792762,0.010847886227174468,1.0347787043433487
1968-09-30,0.008412887969220977,0.009303715465961834,0.23859619487708245,0.23770536738034156,0.010905032210103327,1.0329525055958853
1968-12-31,0.008333477639219792,0.009169797096645314,0.23719951413365098,0.23636319467622544,0.010948567922337159,1.0273887365122178
1969-03-31,0.008369041163179424,0.008964450559365822,0.23490045697622944,0.23430504758004306,0.011006746425305875,1.033989831083229
1969-06-30,0.008288026320184801,0.008748472226861736,0.23299683432050497,0.23253638841382804,0.011073112844199704,1.027874178661857
1969-09-30,0.008121283902675759,0.008511615350670965,0.23338136339201096,0.2329910319440158,0.011090590989210716,1.025571981763648
1969-12-31,0.007874766103117433,0.00828799640357805,0.22879509168757947,0.22838186138711886,0.011057808936382474,1.0117778224818132
1970-03-31,0.007558355247836708,0.008046236978408115,0.2286535867631307,0.22816570503255929,0.010890625583399613,1.0016821780794183
1970-06-30,0.007302915658997898,0.007821090889524037,0.2248908459578619,0.22437267072733577,0.010671054657417807,0.9947613069835224
1970-09-30,0.007150813595542116,0.007671539508653387,0.22624440799516227,0.22572368208205099,0.010581370579454756,0.995667367020625
1970-12-31,0.007032388524741044,0.007513419694886678,0.22514412633726835,0.22466309516712277,0.010312554433103539,0.9769671269960818
1971-03-31,0.006948575456549646,0.007337920169157931,0.22271657534451486,0.2223272306319066,0.010253621001190689,0.9954211409584894
1971-06-30,0.006906819082437582,0.007209056814538281,0.22159005816521588,0.22128782043311515,0.010182492230063064,0.9928088770846824
1971-09-30,0.006924899282369857,0.007113790836102302,0.22057389554173965,0.2203850039880072,0.010092205870847836,0.9930931274190112
1971-12-31,0.006983105594873402,0.00707271769138556,0.21876221164376988,0.21867259954725773,0.010063936283296042,0.9876389781678976
1972-03-31,0.007012986946973038,0.006983793199275185,0.2218562637549588,0.22188545750265665,0.010125364826538547,0.9979469072418528
1972-06-30,0.007072661281337936,0.006976695727995494,0.22201630765773833,0.22211227321108076,0.010177146931965919,1.0127316818392855
1972-09-30,0.007087429398240191,0.0069050554385694145,0.21641185817829686,0.2165942321379676,0.01019093109125841,1.014507032915844
1972-12-31,0.00705303780501996,0.006828104751386732,0.2176866658403239,0.21791159889395711,0.010333825049622406,1.0236795709089388
1973-03-31,0.007001973748404221,0.0067298763229481,0.2194216313663628,0.2196937287918189,0.010517321320060962,1.0411430071987622
1973-06-30,0.00691248282631016,0.006625817228126283,0.21673766294854258,0.21702432854672643,0.01061475425027769,1.0446205222149627
1973-09-30,0.006776635343603383,0.00652341075326916,0.2120532933756503,0.21230651796598457,0.010653417495055467,1.0314859095330773
1973-12-31,0.006629236918393669,0.006421985743082672,0.21223990714914248,0.21244715832445346,0.010721047285006745,1.0336575349618158
1974-03-31,0.0064782971865013144,0.006352769945313841,0.21495857840087393,0.21508410564206143,0.01071893485618246,1.0173225641517942
1974-06-30,0.006317441986335819,0.006272449730882234,0.21530713021905662,0.2153521224745102,0.010726021369971717,1.0123628001513445
1974-09-30,0.0061265527925610744,0.006162291017184347,0.21513773040627748,0.21510199218165416,0.01066403095455162,0.9955814215383211
1974-12-31,0.005950650113574746,0.006086060025137266,0.21515403948088418,0.2150186295693217,0.010419177195137911,0.9846017814473662
1975-03-31,0.005829254146763451,0.006049135811996021,0.21532987576044546,0.2151099940952129,0.010119336636898913,0.9656366230679337
1975-06-30,0.005770507571161493,0.006069788352810063,0.21249870749491132,0.21219942671326278,0.010025321652450441,0.9655622207197959
1975-09-30,0.005718575738397951,0.006085823721597821,0.21405653177298417,0.2136892837897843,0.010086773799439864,0.9750433953956505
1975-12-31,0.005692974596652513,0.006100570195708619,0.2145706848490078,0.2141630892499517,0.010177083010858566,0.9810308222412846
1976-03-31,0.005717385678103542,0.00616156068486015,0.21379423086914565,0.21335005586238903,0.010350043476406154,0.9958310659178801
1976-06-30,0.005743999179593628,0.006212809296086108,0.20983607485909517,0.20936726474260273,0.01041167054586393,0.995862363191223
1976-09-30,0.005755872597670107,0.006236406816735939,0.20685786257205246,0.2063773283529866,0.010447930953789873,0.994030345671487
1976-12-31,0.00573458600427225,0.006221717503559893,0.20536497968597126,0.2048778481866836,0.010418858944679582,0.9939296482295428
1977-03-31,0.005729239403838744,0.0062031617660209875,0.20572949660875206,0.20525557424656982,0.01040269625718039,0.9983736840137669
1977-06-30,0.0057164766043791065,0.00621971526006035,0.20627378998934343,0.2057705513336622,0.010545896789320086,1.0103641419560219
1977-09-30,0.005706955902376136,0.006283435569541833,0.2054186000624364,0.20484212039527072,0.010643665560495761,1.0211175668390606
1977-12-31,0.005635664723799889,0.006293283845493294,0.20361695991822776,0.20295934079653438,0.010664296412190482,1.0137217496491346
1978-03-31,0.005595605821958177,0.0063729770108540695,0.20185112118936463,0.20107375000046876,0.010742023103162829,1.009647500030848
1978-06-30,0.005549450659654426,0.006408570636253647,0.20534039108051855,0.20448127110391934,0.010960924150509914,1.0411395469843923
1978-09-30,0.0055382354816136715,0.0064554621388330635,0.20555860244552002,0.20464137578830063,0.011067316134424297,1.0441095328199992
1978-12-31,0.005524624866512116,0.006466322286940318,0.20497486594912356,0.20403316852869532,0.011196018790442321,1.0506921098343305
1979-03-31,0.005544857884151704,0.0064814110212540205,0.2020431377670897,0.2011065846299874,0.011325922411980716,1.045187509599861
1979-06-30,0.005538235612199591,0.006449245698422983,0.20156739714091268,0.20065638705468933,0.011362364794591647,1.039019433493003
1979-09-30,0.005553754177301699,0.006423525390025344,0.20218829426815152,0.20131852305542783,0.01152758602813211,1.0395032459987232
1979-12-31,0.005588427364487544,0.006412177060313559,0.20254325604468873,0.2017195063488627,0.011747932124190263,1.0349620815109073
1980-03-31,0.005619349891967009,0.006367413834438808,0.20460029302456068,0.2038522290820889,0.011989350904072467,1.03111670226947
1980-06-30,0.005663623056097735,0.006301838366293606,0.20535868378089606,0.2047204684707002,0.011972990928859945,1.0029847609028306
1980-09-30,0.005748726383715008,0.006234985595522215,0.20051748507521205,0.20003122586340488,0.012032128906487367,0.9949793496566528
1980-12-31,0.005836905501810918,0.006140349064174009,0.19945716229591062,0.19915371873354756,0.012250690931625447,1.0066089463534023
1981-03-31,0.005942926970756902,0.006036886290452664,0.20068601445045983,0.20059205513076406,0.012288117278961282,1.0192648276021377
1981-06-30,0.006085702844885435,0.0059344815797901405,0.19999234693066117,0.20014356819575646,0.012358208429006236,1.004710272992338
1981-09-30,0.0062299614172244494,0.005801419339618156,0.19744333089159238,0.1978718729691987,0.012520302679198342,1.009615719018628
1981-12-31,0.006378142890902738,0.00564192435023561,0.1984474658573365,0.19918368439800357,0.012611520313423065,0.9915431199320387
1982-03-31,0.006547103001162431,0.005472099470410986,0.1971187090925027,0.19819371262325414,0.01276181917274505,0.969131665954437
1982-06-30,0.006716442955116142,0.005323033387126077,0.197217052754051,0.19861046232204105,0.012859743256954105,0.966444976077226
1982-09-30,0.00688211445013209,0.005181172782701324,0.19674944420832174,0.1984503858757525,0.012904106528382468,0.9555936842104257
1982-12-31,0.00707109672958116,0.005073567669221561,0.1985235501416096,0.2005210792019692,0.012879935774035588,0.9487317807295111
1983-03-31,0.007279162732811036,0.004994470038643698,0.19808285658430833,0.20036754927847564,0.012949154890162868,0.9538078491497429
1983-06-30,0.007470612317439022,0.004931729156560165,0.19835011172406328,0.20088899488494213,0.013151187604428837,0.9678607714683611
1983-09-30,0.007617436813044848,0.004866282814912816,0.2000240795708654,0.20277523356899743,0.01334458342725737,0.9793033149049337
1983-12-31,0.007769487575516819,0.004832280514141566,0.19477733235908262,0.1977145394204579,0.013693029360859723,0.9916225319433313
1984-03-31,0.007886830720905185,0.004801884312702065,0.19583175144707976,0.19891669785528288,0.013909967936388927,1.0026727503629278
1984-06-30,0.008061605518184415,0.004787114354520825,0.1985825004813599,0.20185699164502344,0.01415372316928704,1.0115102499473574
1984-09-30,0.008279517780875018,0.004783434865495951,0.1989365399525003,0.20243262286787936,0.014338155088484055,1.012686287030989
1984-12-31,0.008554650869539588,0.004794665115378648,0.201985273139526,0.20574525889368692,0.014496248295702016,1.0123632308158186
1985-03-31,0.008850325085580688,0.004805146722155017,0.20092969230298907,0.20497487066641473,0.014603036391208137,1.0134911198327203
1985-06-30,0.009051190188992841,0.004817797385462654,0.20349812522049804,0.20773151802402823,0.014713494680333674,1.0137122947020156
1985-09-30,0.009141652915723478,0.004813208196746826,0.2065741402874336,0.21090258500641026,0.014801103690266793,1.020416187940637
1985-12-31,0.009121715987933003,0.004793419092522372,0.20614270820039318,0.21047100509580383,0.014929321646346949,1.0192538291179003
1986-03-31,0.009000435902101414,0.004762700494454709,0.20524030508284738,0.2094780404904941,0.014912855192276588,1.0200374849272815
1986-06-30,0.008972073133163961,0.004747554393333397,0.20728729970504392,0.2115118184448745,0.01479788564294935,1.0159721697831463
1986-09-30,0.009021031382014584,0.004740522412649144,0.21030141449435677,0.21458192346372218,0.014728376674501838,1.017077582630316
1986-12-31,0.009134950645803086,0.004737286130902649,0.20778420567494302,0.2121818701898435,0.014665558038700646,1.0139941079971375
1987-03-31,0.009314028689955466,0.004740251933233278,0.20707817172033038,0.2116519484770526,0.014557138630588218,1.013043496923838
1987-06-30,0.009390336665391515,0.004746726436799167,0.2072422368214677,0.21188584705006008,0.014460991682479728,1.0155594164657535
1987-09-30,0.009363676173723464,0.004752560716572634,0.20617289821830126,0.21078401367545208,0.014441560986966247,1.0160252193162835
1987-12-31,0.009245089894764686,0.004762150635723267,0.20692346937874923,0.21140640863779064,0.01458388162147972,1.0251384891161583
1988-03-31,0.009042112890097766,0.004777756057803686,0.20391237990681146,0.20817673673910553,0.01468487007628165,1.0222391112724194
1988-06-30,0.008811597938569156,0.004779185185518545,0.2031080452042621,0.2071404579573127,0.014920402333115975,1.027512144304388
1988-09-30,0.008553522923300892,0.004766709987848962,0.20074029699031995,0.2045271099257719,0.015036023332333963,1.0254822592709756
1988-12-31,0.008318074419424603,0.004763661684225533,0.20364730089764027,0.20720171363283935,0.015220074777410292,1.0311671799603481
1989-03-31,0.008060188464575044,0.004750731951753624,0.20137097535878543,0.20468043187160684,0.015339904896172877,1.0337368020095552
1989-06-30,0.007834319044507146,0.0047493671175484874,0.20322166868397235,0.206306620610931,0.015327134573813591,1.0338057407949712
1989-09-30,0.007669041404548953,0.004780173114413548,0.20371059124975427,0.20659945953988965,0.015379647953508624,1.0337496449640005
1989-12-31,0.007535288069138184,0.004822441243867258,0.20365672440991278,0.20636957123518374,0.015514428220411505,1.0281834377162757
1990-03-31,0.007402732647812432,0.004858548447197127,0.20562876832152638,0.20817295252214169,0.015623539994386247,1.0318531145813328
1990-06-30,0.007219559640689719,0.0048859506657482465,0.20508244887859947,0.20741605785354095,0.015702524968285957,1.0281175954836248
1990-09-30,0.007008420663206466,0.00492043024658535,0.2039954410679852,0.20608343148460637,0.015737361731520703,1.0214301043318432
1990-12-31,0.006759597368560637,0.004952218393009663,0.20551823475923706,0.20732561373478803,0.01560972975217523,1.004891497962696
1991-03-31,0.006451427237357131,0.004966585383911132,0.2048533827417273,0.2063382245951733,0.015930786631974156,0.9930501869898628
1991-06-30,0.006196450249357428,0.004978178309628236,0.20407822717320082,0.20529649911293002,0.016381476122476805,0.9936347248659588
1991-09-30,0.005975749422080195,0.0049749983157838,0.20271616371110304,0.20371691481739942,0.01625038306641827,0.9914748273237113
1991-12-31,0.005798602205339884,0.004966716594197475,0.2005604309328889,0.20139231654403125,0.016485241907083448,0.9877522150163127
1992-03-31,0.0056664705906524235,0.004957849873899765,0.20118418956246786,0.20189281027922054,0.016288763751217426,0.9923032350374731
1992-06-30,0.0055191700019678125,0.004936908953472045,0.1998735687293986,0.20045582977789433,0.016217601270140446,0.9956853194893288
1992-09-30,0.005377932669096356,0.004921361627440087,0.20041295304643778,0.200869524088094,0.015985306027362912,0.9980486423278194
1992-12-31,0.005224966871517256,0.004898368988161721,0.19893990949996823,0.1992665073833238,0.015976928748884227,1.0008881279428001
1993-03-31,0.005078810780984858,0.0048812883309558705,0.19478226957327074,0.1949797920232997,0.015709244315404203,0.99492457264193
1993-06-30,0.004942741326257626,0.0048639888089621235,0.19326071917508916,0.19333947169238463,0.015580893870924874,0.9930020117805755
1993-09-30,0.004818808301184445,0.0048481526860633,0.19187645969675357,0.19184711531187473,0.015214632024614327,0.9899555514019364
1993-12-31,0.004709325473542967,0.004836497131900245,0.19135559174162922,0.19122842008327195,0.015106885938140227,0.9954784517226132
1994-03-31,0.004613409461169929,0.004830319856197601,0.1878245046287864,0.18760759423375875,0.01488176259942754,0.9970664639531264
1994-06-30,0.00453345243359212,0.00482170343650907,0.18764199739596069,0.18735374639304375,0.014870791783402173,1.0023681040402788
1994-09-30,0.004465566447776486,0.004809826976615456,0.18968318675599197,0.189338926227153,0.01504121170315967,0.9999206642068723
1994-12-31,0.004413638286819218,0.004795701586458531,0.18701124076693787,0.18662917746729857,0.015179347988803731,1.0029549060004839
1995-03-31,0.004375060995069942,0.004781574425713268,0.18635668895242424,0.18595017552178095,0.015512520671566225,0.9980128941516158
1995-06-30,0.004335356114784157,0.0047532343826423235,0.18586890213865784,0.18545102387079965,0.01567488612898799,0.9924604934204118
1995-09-30,0.004287773607566015,0.0047103517775646895,0.18371030596520316,0.18328772779520452,0.015884134819112775,0.9922741144165854
1995-12-31,0.004237749951315484,0.004654644654884463,0.1807114949549014,0.18029460025133245,0.015939979183984473,0.9903269976877755
1996-03-31,0.004181975068696005,0.004585190265269002,0.18074586241318327,0.1803426472166103,0.016338133964131626,0.988991855158461
1996-06-30,0.004131834805043952,0.004527351540525578,0.1804337918386413,0.1800382751031597,0.01648391674294288,0.9965880343306885
1996-09-30,0.00409098438573335,0.004478757740929883,0.17934554445224848,0.17895777109705194,0.01668565216284203,0.9965686986826617
1996-12-31,0.004042531195776178,0.004429145057894639,0.1790797825669358,0.17869316870481733,0.01679619760607279,0.9979193645387744
1997-03-31,0.003995752299950589,0.004383758748712619,0.17643736310695377,0.1760493566581917,0.017223796693159463,0.9953264014638178
1997-06-30,0.003960409345991076,0.004357344915919797,0.17762007433533158,0.17722313876540285,0.01733685553616911,1.0027949752366672
1997-09-30,0.003910915781842651,0.004324400581776122,0.1767243326708912,0.17631084787095772,0.017445109545058284,1.0061645042174359
1997-12-31,0.00386148857230511,0.004297426081953341,0.1767981280905525,0.17636219058090424,0.017237198572285565,1.0056283335231544
1998-03-31,0.003814123062033607,0.004282771115375514,0.17420277093836808,0.17373412288502618,0.017547509136806836,1.0066033410840498
1998-06-30,0.003763920858884653,0.004269039666739268,0.17624818716048754,0.17574306835263295,0.01779657033558172,1.0068363701543843
1998-09-30,0.003706768583194867,0.004254918342598579,0.17656470954671682,0.17601655978731312,0.018051830061656317,1.0104541483524492
1998-12-31,0.003653663005961762,0.004254577132571632,0.1767357647840681,0.17613485065745824,0.018193967236082843,1.0176549716627177
1999-03-31,0.003599597074179073,0.004257806637755218,0.1769795042962881,0.17632129473271196,0.01827040017712231,1.0182214171166102
1999-06-30,0.0035528922759625807,0.004267915586161714,0.17752761581177698,0.17681259250157785,0.018653646076088635,1.0178514954949325
1999-09-30,0.003515178785022171,0.004284506802596994,0.17952577528007943,0.17875644726250464,0.019023450882438453,1.02252919560493
1999-12-31,0.0034800542653528692,0.004301560255487017,0.18198751832228235,0.1811660123321482,0.019384605930150973,1.030543352361936
2000-03-31,0.003449275804347291,0.004319695979971616,0.18009934816467976,0.17922892798905543,0.0198989660484653,1.025694910674592
2000-06-30,0.0034306293003935396,0.004335894946071929,0.18078870585194692,0.17988344020626854,0.019832655992955688,1.0358317175671443
2000-09-30,0.003424349470797488,0.004345430895755825,0.1792047646931441,0.17828368326818572,0.020083562429567756,1.0285573724193982
2000-12-31,0.0034290782493318645,0.004354122766162526,0.1796570427720015,0.17873199825517083,0.020085388111720448,1.0265342158920112
2001-03-31,0.003440253342913445,0.0043509314544310064,0.18139608419059225,0.1804854060790747,0.019786304880352806,1.0152268094370345
2001-06-30,0.003464812662426834,0.00435167615088812,0.1828349618462216,0.1819480983577603,0.01957269076578348,1.0137905645169507
2001-09-30,0.00350827581850104,0.004361609537804366,0.18121124035579758,0.18035790663649426,0.019123885718451694,1.002177285444485
2001-12-31,0.0035659396439493046,0.004376669702603047,0.18290403248691103,0.1820933024282573,0.018702748940803707,0.9975484089019111
2002-03-31,0.0037165634079859883,0.0044114974210809465,0.18520565621539425,0.1845107222022993,0.018157929346422522,0.9986435141537153
2002-06-30,0.0038184861912263965,0.004434619353776942,0.18627032334389834,0.18565419018134782,0.017962150979918278,0.9976390782187019
2002-09-30,0.0039009337340298153,0.004451896702686083,0.1863874034893092,0.18583644052065298,0.017678449205007343,0.9947073120051272
2002-12-31,0.003965619202461337,0.004466016177679468,0.1875937826945161,0.18709338571929796,0.01762003623584827,0.989118587344176
2003-03-31,0.004020545366027943,0.004480864576946723,0.18795678361010534,0.18749646439918657,0.017520678998232963,0.9876471282612656
2003-06-30,0.004084283481970499,0.004490961922934486,0.18829990525351278,0.18789322681254883,0.017553319454861216,0.9898145524678122
2003-09-30,0.004143287855804389,0.00448072518451476,0.18777695872796255,0.18743952139925213,0.01745244188043339,0.9997504839746558
2003-12-31,0.004204376265940285,0.004457738337679722,0.18796529181533952,0.18771192974360013,0.017352484883030362,1.0049318043266315
2004-03-31,0.0042631715414037505,0.004418496134827217,0.1883421882061772,0.18818686361275375,0.017120409036066448,1.0043408663130469
2004-06-30,0.004312280869801798,0.004381710551782276,0.18842003161562645,0.18835060193364597,0.01707463572580889,1.0059675757635829
2004-09-30,0.004362693210360494,0.004360396192498702,0.18894538807565614,0.18894768509351798,0.017128698122677866,1.0094824990654656
2004-12-31,0.0044011992889304115,0.004337746912274996,0.18893811144596376,0.18900156382261918,0.017167428988061107,1.0138794657793138
2005-03-31,0.004433374819485046,0.004320001525945413,0.189270326336613,0.1893836996301526,0.01764583457631588,1.0193445516777835
2005-06-30,0.0044533135387413506,0.004301632203793425,0.18887306218927732,0.18902474352422527,0.017633112860601572,1.018776358187529
2005-09-30,0.004450306033483764,0.0042703292790389,0.1893928957816865,0.18957287253613136,0.01767541136819834,1.0213169481825297
2005-12-31,0.004437103585030975,0.004238651627370596,0.1894470850591526,0.18964553701681294,0.017370450777794682,1.0217211623130797
2006-03-31,0.004415579662279596,0.004206771536863628,0.19106443524047112,0.19127324336588708,0.017607086020878814,1.030339298560161
2006-06-30,0.004398596360985192,0.0041686649761984605,0.19074146395298577,0.1909713953377725,0.017824017828227127,1.028070164460037
2006-09-30,0.0044011542894217765,0.004133378734642639,0.18994892469083993,0.19021670024561912,0.018513753588703247,1.0248612821718899
2006-12-31,0.004430512575360782,0.004111806522193078,0.19160552208852552,0.19192422814169324,0.019128593644183477,1.029092170149762
2007-03-31,0.004445210974617858,0.004063763230455412,0.1920980527622873,0.19247950050644974,0.018915426811500484,1.027772556055841
2007-06-30,0.004454965439337205,0.004040244080385038,0.19360723214694306,0.1940219535058952,0.019086620997899956,1.0298018997897478
2007-09-30,0.004458192623985067,0.00403489807169821,0.19449010528599409,0.194913399838281,0.0189688517081439,1.0316116775382194
2007-12-31,0.004452955335036998,0.004048166768503744,0.196891196759766,0.19729598532629924,0.01937876069222993,1.034112367061405
2008-03-31,0.004435659478625786,0.004074322180719239,0.19852987246747622,0.19889120976538274,0.019661352917633938,1.0258727224864805
2008-06-30,0.004399973244960449,0.0040953533277937855,0.2011452901267424,0.20144991004390903,0.019955232993320283,1.0282444612271553
2008-09-30,0.004339881420733685,0.0041048273135199246,0.20287385911532868,0.20310891322254243,0.01939716294645891,1.0192290187205195
2008-12-31,0.0042893522656861525,0.004135111858872095,0.20121667575957583,0.20137091616638989,0.019228433361116952,0.9934638884412551
2009-03-31,0.004239760936937762,0.004178716193173061,0.20073811101849123,0.20079915576225588,0.01803763654258026,0.9788119054261378
2009-06-30,0.004204947942338129,0.004239343690674915,0.2036897258217993,0.20365533007346254,0.018474308514151147,0.9737271146219089
2009-09-30,0.00417020405315083,0.0043009525802552425,0.20422259451458868,0.2040918459874843,0.01851284570346891,0.9737989895904401
2009-12-31,0.004137865803040894,0.004369785535448726,0.20480387011480927,0.20457195038240142,0.019080486298760996,0.9809219825405654
2010-03-31,0.004119012110298156,0.004449778442302847,0.2043608382108217,0.204030071878817,0.018474417276085807,0.9822276534955304
2010-06-30,0.004092818116426481,0.004492574382714026,0.20474143858532112,0.20434168231903357,0.018343007581107695,0.9881891125324794
2010-09-30,0.0040763146032301,0.004513774034350923,0.20287823284559045,0.20244077341446964,0.018508544199620006,0.9921867562125628
2010-12-31,0.004050427503717749,0.004492311204206666,0.2013344293529202,0.20089254565243128,0.01891902216542454,0.99368493296987
2011-03-31,0.004029365693827912,0.0044469952053601105,0.19898077730508523,0.198563147793553,0.01909439180729933,0.9875566434922907
2011-06-30,0.003991319904805547,0.0044017829151115455,0.1976919846074612,0.1972815215971552,0.01920646054861739,0.9903527126074734
2011-09-30,0.003945207702039449,0.004367710456583737,0.19375141905669846,0.19332891630215418,0.019252298473516248,0.9861557133394353
2011-12-31,0.003908006402150636,0.004360367233044428,0.19235522208083197,0.19190286124993816,0.019406568012835655,0.9931288032808555
2012-03-31,0.0038424635459436154,0.004339930885311211,0.19127346137769213,0.19077599403832454,0.019208035638099273,0.9972187712283821
2012-06-30,0.0037886594008955696,0.004312455347173232,0.18884653026939946,0.18832273432312185,0.019157750584456425,0.9973239118721674
2012-09-30,0.0037344157691213504,0.004265466605179264,0.1875262602381563,0.18699520940209838,0.019167913139301027,0.9943214653661556
2012-12-31,0.0036875468002400377,0.004206786991868496,0.18534316056370131,0.18482392037207288,0.019212852669409846,0.9909508958832602
2013-03-31,0.0035791556598076,0.004102489459351866,0.1832973790974504,0.18277404529790614,0.019691578458329317,0.9960626506117586
2013-06-30,0.0035056377009767214,0.004038494631525183,0.18253932751850388,0.18200647058795544,0.019874945566540837,0.9939782344921896
2013-09-30,0.0034160657519589762,0.003976642753800528,0.18106137012057388,0.1805007931187323,0.02016170762328165,0.9975786371100431
2013-12-31,0.0033192692038716176,0.003926441940801336,0.17959068784786078,0.17898351511093105,0.020298265091971027,1.0012973841321564
2014-03-31,0.00322157302137035,0.003894706514116001,0.17799681649305174,0.1773236830003061,0.02027130544675943,0.992827911429211
2014-06-30,0.0031483685137916285,0.003864955600511934,0.17700449212138675,0.1762879050346665,0.020523906278066127,1.0005209700650648
2014-09-30,0.003109629795283123,0.0038500878981485966,0.1774922660753245,0.176751807972459,0.02075195226910445,1.007434272341765
2014-12-31,0.003109279773428187,0.0038558690516827176,0.17622807772006413,0.17548148844180964,0.021390173632829388,1.0072279982411796
2015-03-31,0.003141922535464436,0.003876181342135023,0.17526925609771113,0.17453499729104052,0.021179225173689288,1.0109226560822815
2015-06-30,0.0031187029964087395,0.0038787439843350675,0.1758809676779239,0.1751209266899976,0.021109236264580705,1.0117524825546087
2015-09-30,0.0030699132650390897,0.00389975013817773,0.17556705100303793,0.1747372141298993,0.02129870716912764,1.010344566660494
2015-12-31,0.0029946264723262556,0.003937515774643762,0.17493119521372533,0.17398830591140782,0.021494883486921922,1.0067354027602025
2016-03-31,0.002887687692007483,0.003985064462748905,0.17487903200131608,0.17378165523057468,0.02169693319988228,1.0070802264086758
2016-06-30,0.0027809310972963294,0.004003773952600402,0.1738668064818007,0.1726439636264966,0.02218370758439356,1.0048072677533344
2016-09-30,0.002707988733110955,0.004040808209897344,0.17389171061450737,0.172558891137721,0.02225654042760741,1.0064139579174312
2016-12-31,0.002650124045212012,0.0040700894436214085,0.1733031072786691,0.17188314188025972,0.022282416328975728,1.006470282827973
2017-03-31,0.0026124683439604124,0.004099628313066082,0.17231877924491018,0.1708316192758045,0.02246855287779628,1.0058433005611
2017-06-30,0.0025962869518096248,0.004137085191857059,0.17182348141584117,0.17028268317579373,0.022267468781764308,1.0059456882955053
2017-09-30,0.002588286813509845,0.00416200697902404,0.17145008887738242,0.1698763687118682,0.022525898848604314,1.0083501614760209
2017-12-31,0.002591930630881826,0.004180525111946814,0.1728457201948097,0.17125712571374477,0.02272673046329302,1.0141721599889602
2018-03-31,0.002650125567277075,0.004202964389923449,0.17312164490482126,0.17156880608217492,0.02308073836798194,1.0168787264962926
2018-06-30,0.002642262615452233,0.004195043938208181,0.17376127404849437,0.1722084927257384,0.02355814947048315,1.0167559339150445
2018-09-30,0.0026161785608405748,0.004183136048274018,0.17479421291440173,0.17322725542696826,0.023577898299999248,1.0176015768759665
